"SerieId","CountryId","YearId","value"
"SP.RUR.TOTL.ZG","ARG","YR2020","-0.53958153"
"SP.RUR.TOTL.ZG","BRA","YR2020","-1.195012398"
"SP.RUR.TOTL.ZG","CHL","YR2020","0.180416791"
"SP.RUR.TOTL.ZG","COL","YR2020","-0.63959468"
"SP.RUR.TOTL.ZG","BOL","YR2020","0.214879892"
"SP.RUR.TOTL.ZG","ECU","YR2020","1.037677716"
"SP.RUR.TOTL.ZG","PRY","YR2020","0.43925198"
"SP.RUR.TOTL.ZG","PER","YR2020","0.501037894"
"SP.RUR.TOTL.ZG","URY","YR2020","-1.619074195"
"SP.RUR.TOTL.ZG","VEN","YR2020","-0.612704824"
"SI.POV.RUHC","ARG","YR2020",""
"SI.POV.RUHC","BRA","YR2020",""
"SI.POV.RUHC","CHL","YR2020",""
"SI.POV.RUHC","COL","YR2020",""
"SI.POV.RUHC","BOL","YR2020",""
"SI.POV.RUHC","ECU","YR2020",""
"SI.POV.RUHC","PRY","YR2020",""
"SI.POV.RUHC","PER","YR2020",""
"SI.POV.RUHC","URY","YR2020",""
"SI.POV.RUHC","VEN","YR2020",""
"SE.PRM.ENRR","ARG","YR2020",""
"SE.PRM.ENRR","BRA","YR2020",""
"SE.PRM.ENRR","CHL","YR2020",""
"SE.PRM.ENRR","COL","YR2020","112.6757736"
"SE.PRM.ENRR","BOL","YR2020","98.84809875"
"SE.PRM.ENRR","ECU","YR2020","99.02365875"
"SE.PRM.ENRR","PRY","YR2020",""
"SE.PRM.ENRR","PER","YR2020","120.9846115"
"SE.PRM.ENRR","URY","YR2020",""
"SE.PRM.ENRR","VEN","YR2020",""
"SE.PRM.NENR","ARG","YR2020",""
"SE.PRM.NENR","BRA","YR2020",""
"SE.PRM.NENR","CHL","YR2020",""
"SE.PRM.NENR","COL","YR2020",""
"SE.PRM.NENR","BOL","YR2020",""
"SE.PRM.NENR","ECU","YR2020",""
"SE.PRM.NENR","PRY","YR2020",""
"SE.PRM.NENR","PER","YR2020",""
"SE.PRM.NENR","URY","YR2020",""
"SE.PRM.NENR","VEN","YR2020",""
"SE.PRM.ENRR.FE","ARG","YR2020",""
"SE.PRM.ENRR.FE","BRA","YR2020",""
"SE.PRM.ENRR.FE","CHL","YR2020",""
"SE.PRM.ENRR.FE","COL","YR2020","110.7126083"
"SE.PRM.ENRR.FE","BOL","YR2020","98.76399994"
"SE.PRM.ENRR.FE","ECU","YR2020","100.0810318"
"SE.PRM.ENRR.FE","PRY","YR2020",""
"SE.PRM.ENRR.FE","PER","YR2020","118.6755295"
"SE.PRM.ENRR.FE","URY","YR2020",""
"SE.PRM.ENRR.FE","VEN","YR2020",""
"SE.PRM.NENR.FE","ARG","YR2020",""
"SE.PRM.NENR.FE","BRA","YR2020",""
"SE.PRM.NENR.FE","CHL","YR2020",""
"SE.PRM.NENR.FE","COL","YR2020",""
"SE.PRM.NENR.FE","BOL","YR2020",""
"SE.PRM.NENR.FE","ECU","YR2020",""
"SE.PRM.NENR.FE","PRY","YR2020",""
"SE.PRM.NENR.FE","PER","YR2020",""
"SE.PRM.NENR.FE","URY","YR2020",""
"SE.PRM.NENR.FE","VEN","YR2020",""
"SE.PRM.ENRR.MA","ARG","YR2020",""
"SE.PRM.ENRR.MA","BRA","YR2020",""
"SE.PRM.ENRR.MA","CHL","YR2020",""
"SE.PRM.ENRR.MA","COL","YR2020","114.5526123"
"SE.PRM.ENRR.MA","BOL","YR2020","98.92865753"
"SE.PRM.ENRR.MA","ECU","YR2020","98.01148224"
"SE.PRM.ENRR.MA","PRY","YR2020",""
"SE.PRM.ENRR.MA","PER","YR2020","123.3125687"
"SE.PRM.ENRR.MA","URY","YR2020",""
"SE.PRM.ENRR.MA","VEN","YR2020",""
"SE.PRM.NENR.MA","ARG","YR2020",""
"SE.PRM.NENR.MA","BRA","YR2020",""
"SE.PRM.NENR.MA","CHL","YR2020",""
"SE.PRM.NENR.MA","COL","YR2020",""
"SE.PRM.NENR.MA","BOL","YR2020",""
"SE.PRM.NENR.MA","ECU","YR2020",""
"SE.PRM.NENR.MA","PRY","YR2020",""
"SE.PRM.NENR.MA","PER","YR2020",""
"SE.PRM.NENR.MA","URY","YR2020",""
"SE.PRM.NENR.MA","VEN","YR2020",""
"SE.SEC.ENRR","ARG","YR2020",""
"SE.SEC.ENRR","BRA","YR2020",""
"SE.SEC.ENRR","CHL","YR2020",""
"SE.SEC.ENRR","COL","YR2020","101.7957611"
"SE.SEC.ENRR","BOL","YR2020","90.21331024"
"SE.SEC.ENRR","ECU","YR2020","100.5603409"
"SE.SEC.ENRR","PRY","YR2020",""
"SE.SEC.ENRR","PER","YR2020","110.5849228"
"SE.SEC.ENRR","URY","YR2020",""
"SE.SEC.ENRR","VEN","YR2020",""
"SE.SEC.NENR","ARG","YR2020",""
"SE.SEC.NENR","BRA","YR2020",""
"SE.SEC.NENR","CHL","YR2020",""
"SE.SEC.NENR","COL","YR2020",""
"SE.SEC.NENR","BOL","YR2020",""
"SE.SEC.NENR","ECU","YR2020",""
"SE.SEC.NENR","PRY","YR2020",""
"SE.SEC.NENR","PER","YR2020",""
"SE.SEC.NENR","URY","YR2020",""
"SE.SEC.NENR","VEN","YR2020",""
"SE.SEC.ENRR.FE","ARG","YR2020",""
"SE.SEC.ENRR.FE","BRA","YR2020",""
"SE.SEC.ENRR.FE","CHL","YR2020",""
"SE.SEC.ENRR.FE","COL","YR2020","103.9836731"
"SE.SEC.ENRR.FE","BOL","YR2020","89.73236084"
"SE.SEC.ENRR.FE","ECU","YR2020","101.8168182"
"SE.SEC.ENRR.FE","PRY","YR2020",""
"SE.SEC.ENRR.FE","PER","YR2020","106.9075165"
"SE.SEC.ENRR.FE","URY","YR2020",""
"SE.SEC.ENRR.FE","VEN","YR2020",""
"SE.SEC.NENR.FE","ARG","YR2020",""
"SE.SEC.NENR.FE","BRA","YR2020",""
"SE.SEC.NENR.FE","CHL","YR2020",""
"SE.SEC.NENR.FE","COL","YR2020",""
"SE.SEC.NENR.FE","BOL","YR2020",""
"SE.SEC.NENR.FE","ECU","YR2020",""
"SE.SEC.NENR.FE","PRY","YR2020",""
"SE.SEC.NENR.FE","PER","YR2020",""
"SE.SEC.NENR.FE","URY","YR2020",""
"SE.SEC.NENR.FE","VEN","YR2020",""
"SE.SEC.ENRR.MA","ARG","YR2020",""
"SE.SEC.ENRR.MA","BRA","YR2020",""
"SE.SEC.ENRR.MA","CHL","YR2020",""
"SE.SEC.ENRR.MA","COL","YR2020","99.69995117"
"SE.SEC.ENRR.MA","BOL","YR2020","90.67476654"
"SE.SEC.ENRR.MA","ECU","YR2020","99.35357666"
"SE.SEC.ENRR.MA","PRY","YR2020",""
"SE.SEC.ENRR.MA","PER","YR2020","114.4115295"
"SE.SEC.ENRR.MA","URY","YR2020",""
"SE.SEC.ENRR.MA","VEN","YR2020",""
"SE.SEC.NENR.MA","ARG","YR2020",""
"SE.SEC.NENR.MA","BRA","YR2020",""
"SE.SEC.NENR.MA","CHL","YR2020",""
"SE.SEC.NENR.MA","COL","YR2020",""
"SE.SEC.NENR.MA","BOL","YR2020",""
"SE.SEC.NENR.MA","ECU","YR2020",""
"SE.SEC.NENR.MA","PRY","YR2020",""
"SE.SEC.NENR.MA","PER","YR2020",""
"SE.SEC.NENR.MA","URY","YR2020",""
"SE.SEC.NENR.MA","VEN","YR2020",""
"SE.TER.ENRR","ARG","YR2020",""
"SE.TER.ENRR","BRA","YR2020",""
"SE.TER.ENRR","CHL","YR2020",""
"SE.TER.ENRR","COL","YR2020","54.23928833"
"SE.TER.ENRR","BOL","YR2020",""
"SE.TER.ENRR","ECU","YR2020",""
"SE.TER.ENRR","PRY","YR2020",""
"SE.TER.ENRR","PER","YR2020",""
"SE.TER.ENRR","URY","YR2020",""
"SE.TER.ENRR","VEN","YR2020",""
"SE.TER.ENRR.FE","ARG","YR2020",""
"SE.TER.ENRR.FE","BRA","YR2020",""
"SE.TER.ENRR.FE","CHL","YR2020",""
"SE.TER.ENRR.FE","COL","YR2020","58.58776093"
"SE.TER.ENRR.FE","BOL","YR2020",""
"SE.TER.ENRR.FE","ECU","YR2020",""
"SE.TER.ENRR.FE","PRY","YR2020",""
"SE.TER.ENRR.FE","PER","YR2020",""
"SE.TER.ENRR.FE","URY","YR2020",""
"SE.TER.ENRR.FE","VEN","YR2020",""
"SP.POP.BRTH.MF","ARG","YR2020","1.04"
"SP.POP.BRTH.MF","BRA","YR2020","1.05"
"SP.POP.BRTH.MF","CHL","YR2020","1.04"
"SP.POP.BRTH.MF","COL","YR2020","1.05"
"SP.POP.BRTH.MF","BOL","YR2020","1.05"
"SP.POP.BRTH.MF","ECU","YR2020","1.05"
"SP.POP.BRTH.MF","PRY","YR2020","1.05"
"SP.POP.BRTH.MF","PER","YR2020","1.05"
"SP.POP.BRTH.MF","URY","YR2020","1.05"
"SP.POP.BRTH.MF","VEN","YR2020","1.05"
"SL.EMP.INSV.FE.ZS","ARG","YR2020",""
"SL.EMP.INSV.FE.ZS","BRA","YR2020",""
"SL.EMP.INSV.FE.ZS","CHL","YR2020",""
"SL.EMP.INSV.FE.ZS","COL","YR2020",""
"SL.EMP.INSV.FE.ZS","BOL","YR2020",""
"SL.EMP.INSV.FE.ZS","ECU","YR2020",""
"SL.EMP.INSV.FE.ZS","PRY","YR2020",""
"SL.EMP.INSV.FE.ZS","PER","YR2020",""
"SL.EMP.INSV.FE.ZS","URY","YR2020",""
"SL.EMP.INSV.FE.ZS","VEN","YR2020",""
"SH.MED.SAOP.P5","ARG","YR2020",""
"SH.MED.SAOP.P5","BRA","YR2020",""
"SH.MED.SAOP.P5","CHL","YR2020",""
"SH.MED.SAOP.P5","COL","YR2020",""
"SH.MED.SAOP.P5","BOL","YR2020",""
"SH.MED.SAOP.P5","ECU","YR2020",""
"SH.MED.SAOP.P5","PRY","YR2020",""
"SH.MED.SAOP.P5","PER","YR2020",""
"SH.MED.SAOP.P5","URY","YR2020",""
"SH.MED.SAOP.P5","VEN","YR2020",""
"SH.DYN.STLB","ARG","YR2020",""
"SH.DYN.STLB","BRA","YR2020",""
"SH.DYN.STLB","CHL","YR2020",""
"SH.DYN.STLB","COL","YR2020",""
"SH.DYN.STLB","BOL","YR2020",""
"SH.DYN.STLB","ECU","YR2020",""
"SH.DYN.STLB","PRY","YR2020",""
"SH.DYN.STLB","PER","YR2020",""
"SH.DYN.STLB","URY","YR2020",""
"SH.DYN.STLB","VEN","YR2020",""
"SH.STA.SUIC.P5","ARG","YR2020",""
"SH.STA.SUIC.P5","BRA","YR2020",""
"SH.STA.SUIC.P5","CHL","YR2020",""
"SH.STA.SUIC.P5","COL","YR2020",""
"SH.STA.SUIC.P5","BOL","YR2020",""
"SH.STA.SUIC.P5","ECU","YR2020",""
"SH.STA.SUIC.P5","PRY","YR2020",""
"SH.STA.SUIC.P5","PER","YR2020",""
"SH.STA.SUIC.P5","URY","YR2020",""
"SH.STA.SUIC.P5","VEN","YR2020",""
"SH.STA.SUIC.FE.P5","ARG","YR2020",""
"SH.STA.SUIC.FE.P5","BRA","YR2020",""
"SH.STA.SUIC.FE.P5","CHL","YR2020",""
"SH.STA.SUIC.FE.P5","COL","YR2020",""
"SH.STA.SUIC.FE.P5","BOL","YR2020",""
"SH.STA.SUIC.FE.P5","ECU","YR2020",""
"SH.STA.SUIC.FE.P5","PRY","YR2020",""
"SH.STA.SUIC.FE.P5","PER","YR2020",""
"SH.STA.SUIC.FE.P5","URY","YR2020",""
"SH.STA.SUIC.FE.P5","VEN","YR2020",""
"SH.STA.SUIC.MA.P5","ARG","YR2020",""
"SH.STA.SUIC.MA.P5","BRA","YR2020",""
"SH.STA.SUIC.MA.P5","CHL","YR2020",""
"SH.STA.SUIC.MA.P5","COL","YR2020",""
"SH.STA.SUIC.MA.P5","BOL","YR2020",""
"SH.STA.SUIC.MA.P5","ECU","YR2020",""
"SH.STA.SUIC.MA.P5","PRY","YR2020",""
"SH.STA.SUIC.MA.P5","PER","YR2020",""
"SH.STA.SUIC.MA.P5","URY","YR2020",""
"SH.STA.SUIC.MA.P5","VEN","YR2020",""
"SP.DYN.TO65.FE.ZS","ARG","YR2020","87.3303344"
"SP.DYN.TO65.FE.ZS","BRA","YR2020","85.5739372"
"SP.DYN.TO65.FE.ZS","CHL","YR2020","90.3495582"
"SP.DYN.TO65.FE.ZS","COL","YR2020","87.3220454"
"SP.DYN.TO65.FE.ZS","BOL","YR2020","76.7924812"
"SP.DYN.TO65.FE.ZS","ECU","YR2020","86.1550504"
"SP.DYN.TO65.FE.ZS","PRY","YR2020","81.5085314"
"SP.DYN.TO65.FE.ZS","PER","YR2020","86.7869034"
"SP.DYN.TO65.FE.ZS","URY","YR2020","87.8856158"
"SP.DYN.TO65.FE.ZS","VEN","YR2020","82.766799"
"SP.DYN.TO65.MA.ZS","ARG","YR2020","77.5055274"
"SP.DYN.TO65.MA.ZS","BRA","YR2020","73.9226474"
"SP.DYN.TO65.MA.ZS","CHL","YR2020","84.216897"
"SP.DYN.TO65.MA.ZS","COL","YR2020","78.685055"
"SP.DYN.TO65.MA.ZS","BOL","YR2020","67.7603246"
"SP.DYN.TO65.MA.ZS","ECU","YR2020","78.0283446"
"SP.DYN.TO65.MA.ZS","PRY","YR2020","75.2856516"
"SP.DYN.TO65.MA.ZS","PER","YR2020","79.0313478"
"SP.DYN.TO65.MA.ZS","URY","YR2020","78.942285"
"SP.DYN.TO65.MA.ZS","VEN","YR2020","69.5199514"
"SP.MTR.1519.ZS","ARG","YR2020",""
"SP.MTR.1519.ZS","BRA","YR2020",""
"SP.MTR.1519.ZS","CHL","YR2020",""
"SP.MTR.1519.ZS","COL","YR2020",""
"SP.MTR.1519.ZS","BOL","YR2020",""
"SP.MTR.1519.ZS","ECU","YR2020",""
"SP.MTR.1519.ZS","PRY","YR2020",""
"SP.MTR.1519.ZS","PER","YR2020",""
"SP.MTR.1519.ZS","URY","YR2020",""
"SP.MTR.1519.ZS","VEN","YR2020",""
"SH.ALC.PCAP.LI","ARG","YR2020",""
"SH.ALC.PCAP.LI","BRA","YR2020",""
"SH.ALC.PCAP.LI","CHL","YR2020",""
"SH.ALC.PCAP.LI","COL","YR2020",""
"SH.ALC.PCAP.LI","BOL","YR2020",""
"SH.ALC.PCAP.LI","ECU","YR2020",""
"SH.ALC.PCAP.LI","PRY","YR2020",""
"SH.ALC.PCAP.LI","PER","YR2020",""
"SH.ALC.PCAP.LI","URY","YR2020",""
"SH.ALC.PCAP.LI","VEN","YR2020",""
"SH.ALC.PCAP.FE.LI","ARG","YR2020",""
"SH.ALC.PCAP.FE.LI","BRA","YR2020",""
"SH.ALC.PCAP.FE.LI","CHL","YR2020",""
"SH.ALC.PCAP.FE.LI","COL","YR2020",""
"SH.ALC.PCAP.FE.LI","BOL","YR2020",""
"SH.ALC.PCAP.FE.LI","ECU","YR2020",""
"SH.ALC.PCAP.FE.LI","PRY","YR2020",""
"SH.ALC.PCAP.FE.LI","PER","YR2020",""
"SH.ALC.PCAP.FE.LI","URY","YR2020",""
"SH.ALC.PCAP.FE.LI","VEN","YR2020",""
"SH.ALC.PCAP.MA.LI","ARG","YR2020",""
"SH.ALC.PCAP.MA.LI","BRA","YR2020",""
"SH.ALC.PCAP.MA.LI","CHL","YR2020",""
"SH.ALC.PCAP.MA.LI","COL","YR2020",""
"SH.ALC.PCAP.MA.LI","BOL","YR2020",""
"SH.ALC.PCAP.MA.LI","ECU","YR2020",""
"SH.ALC.PCAP.MA.LI","PRY","YR2020",""
"SH.ALC.PCAP.MA.LI","PER","YR2020",""
"SH.ALC.PCAP.MA.LI","URY","YR2020",""
"SH.ALC.PCAP.MA.LI","VEN","YR2020",""
"SH.HTN.TRET.ZS","ARG","YR2020",""
"SH.HTN.TRET.ZS","BRA","YR2020",""
"SH.HTN.TRET.ZS","CHL","YR2020",""
"SH.HTN.TRET.ZS","COL","YR2020",""
"SH.HTN.TRET.ZS","BOL","YR2020",""
"SH.HTN.TRET.ZS","ECU","YR2020",""
"SH.HTN.TRET.ZS","PRY","YR2020",""
"SH.HTN.TRET.ZS","PER","YR2020",""
"SH.HTN.TRET.ZS","URY","YR2020",""
"SH.HTN.TRET.ZS","VEN","YR2020",""
"SH.HTN.TRET.FE.ZS","ARG","YR2020",""
"SH.HTN.TRET.FE.ZS","BRA","YR2020",""
"SH.HTN.TRET.FE.ZS","CHL","YR2020",""
"SH.HTN.TRET.FE.ZS","COL","YR2020",""
"SH.HTN.TRET.FE.ZS","BOL","YR2020",""
"SH.HTN.TRET.FE.ZS","ECU","YR2020",""
"SH.HTN.TRET.FE.ZS","PRY","YR2020",""
"SH.HTN.TRET.FE.ZS","PER","YR2020",""
"SH.HTN.TRET.FE.ZS","URY","YR2020",""
"SH.HTN.TRET.FE.ZS","VEN","YR2020",""
"SH.HTN.TRET.MA.ZS","ARG","YR2020",""
"SH.HTN.TRET.MA.ZS","BRA","YR2020",""
"SH.HTN.TRET.MA.ZS","CHL","YR2020",""
"SH.HTN.TRET.MA.ZS","COL","YR2020",""
"SH.HTN.TRET.MA.ZS","BOL","YR2020",""
"SH.HTN.TRET.MA.ZS","ECU","YR2020",""
"SH.HTN.TRET.MA.ZS","PRY","YR2020",""
"SH.HTN.TRET.MA.ZS","PER","YR2020",""
"SH.HTN.TRET.MA.ZS","URY","YR2020",""
"SH.HTN.TRET.MA.ZS","VEN","YR2020",""
"SH.TBS.DTEC.ZS","ARG","YR2020","66"
"SH.TBS.DTEC.ZS","BRA","YR2020","78"
"SH.TBS.DTEC.ZS","CHL","YR2020","87"
"SH.TBS.DTEC.ZS","COL","YR2020","64"
"SH.TBS.DTEC.ZS","BOL","YR2020","49"
"SH.TBS.DTEC.ZS","ECU","YR2020","62"
"SH.TBS.DTEC.ZS","PRY","YR2020","69"
"SH.TBS.DTEC.ZS","PER","YR2020","62"
"SH.TBS.DTEC.ZS","URY","YR2020","87"
"SH.TBS.DTEC.ZS","VEN","YR2020","69"
"SH.TBS.MORT","ARG","YR2020","1.5"
"SH.TBS.MORT","BRA","YR2020","2.7"
"SH.TBS.MORT","CHL","YR2020","1.9"
"SH.TBS.MORT","COL","YR2020","2.1"
"SH.TBS.MORT","BOL","YR2020","11"
"SH.TBS.MORT","ECU","YR2020","3.9"
"SH.TBS.MORT","PRY","YR2020","3.5"
"SH.TBS.MORT","PER","YR2020","7.2"
"SH.TBS.MORT","URY","YR2020","1.9"
"SH.TBS.MORT","VEN","YR2020","2.4"
"SH.TBS.CURE.ZS","ARG","YR2020",""
"SH.TBS.CURE.ZS","BRA","YR2020",""
"SH.TBS.CURE.ZS","CHL","YR2020",""
"SH.TBS.CURE.ZS","COL","YR2020",""
"SH.TBS.CURE.ZS","BOL","YR2020",""
"SH.TBS.CURE.ZS","ECU","YR2020",""
"SH.TBS.CURE.ZS","PRY","YR2020",""
"SH.TBS.CURE.ZS","PER","YR2020",""
"SH.TBS.CURE.ZS","URY","YR2020",""
"SH.TBS.CURE.ZS","VEN","YR2020",""
"SH.UHC.SRVS.CV.XD","ARG","YR2020",""
"SH.UHC.SRVS.CV.XD","BRA","YR2020",""
"SH.UHC.SRVS.CV.XD","CHL","YR2020",""
"SH.UHC.SRVS.CV.XD","COL","YR2020",""
"SH.UHC.SRVS.CV.XD","BOL","YR2020",""
"SH.UHC.SRVS.CV.XD","ECU","YR2020",""
"SH.UHC.SRVS.CV.XD","PRY","YR2020",""
"SH.UHC.SRVS.CV.XD","PER","YR2020",""
"SH.UHC.SRVS.CV.XD","URY","YR2020",""
"SH.UHC.SRVS.CV.XD","VEN","YR2020",""
"SL.UEM.TOTL.FE.ZS","ARG","YR2020","12.375"
"SL.UEM.TOTL.FE.ZS","BRA","YR2020","16.04199982"
"SL.UEM.TOTL.FE.ZS","CHL","YR2020","11.43900013"
"SL.UEM.TOTL.FE.ZS","COL","YR2020","19.04000092"
"SL.UEM.TOTL.FE.ZS","BOL","YR2020","9.840000153"
"SL.UEM.TOTL.FE.ZS","ECU","YR2020","7.331999779"
"SL.UEM.TOTL.FE.ZS","PRY","YR2020","10.01799965"
"SL.UEM.TOTL.FE.ZS","PER","YR2020","6.994999886"
"SL.UEM.TOTL.FE.ZS","URY","YR2020","12.34899998"
"SL.UEM.TOTL.FE.ZS","VEN","YR2020","7.656000137"
"SL.UEM.TOTL.MA.ZS","ARG","YR2020","10.76299953"
"SL.UEM.TOTL.MA.ZS","BRA","YR2020","11.93099976"
"SL.UEM.TOTL.MA.ZS","CHL","YR2020","10.9989996"
"SL.UEM.TOTL.MA.ZS","COL","YR2020","12.22999954"
"SL.UEM.TOTL.MA.ZS","BOL","YR2020","6.459000111"
"SL.UEM.TOTL.MA.ZS","ECU","YR2020","5.277999878"
"SL.UEM.TOTL.MA.ZS","PRY","YR2020","5.90199995"
"SL.UEM.TOTL.MA.ZS","PER","YR2020","7.324999809"
"SL.UEM.TOTL.MA.ZS","URY","YR2020","8.612000465"
"SL.UEM.TOTL.MA.ZS","VEN","YR2020","6.071000099"
"SL.UEM.TOTL.ZS","ARG","YR2020","11.46000004"
"SL.UEM.TOTL.ZS","BRA","YR2020","13.68999958"
"SL.UEM.TOTL.ZS","CHL","YR2020","11.18000031"
"SL.UEM.TOTL.ZS","COL","YR2020","15.03999996"
"SL.UEM.TOTL.ZS","BOL","YR2020","7.900000095"
"SL.UEM.TOTL.ZS","ECU","YR2020","6.110000134"
"SL.UEM.TOTL.ZS","PRY","YR2020","7.550000191"
"SL.UEM.TOTL.ZS","PER","YR2020","7.179999828"
"SL.UEM.TOTL.ZS","URY","YR2020","10.35000038"
"SL.UEM.TOTL.ZS","VEN","YR2020","6.626999855"
"SP.UWT.TFRT","ARG","YR2020",""
"SP.UWT.TFRT","BRA","YR2020",""
"SP.UWT.TFRT","CHL","YR2020",""
"SP.UWT.TFRT","COL","YR2020",""
"SP.UWT.TFRT","BOL","YR2020",""
"SP.UWT.TFRT","ECU","YR2020",""
"SP.UWT.TFRT","PRY","YR2020",""
"SP.UWT.TFRT","PER","YR2020",""
"SP.UWT.TFRT","URY","YR2020",""
"SP.UWT.TFRT","VEN","YR2020",""
"SP.URB.TOTL","ARG","YR2020","41796990"
"SP.URB.TOTL","BRA","YR2020","185081854"
"SP.URB.TOTL","CHL","YR2020","16770077"
"SP.URB.TOTL","COL","YR2020","41431388"
"SP.URB.TOTL","BOL","YR2020","8185478"
"SP.URB.TOTL","ECU","YR2020","11320846"
"SP.URB.TOTL","PRY","YR2020","4435221"
"SP.URB.TOTL","PER","YR2020","25815966"
"SP.URB.TOTL","URY","YR2020","3317930"
"SP.URB.TOTL","VEN","YR2020","25102966"
"SP.URB.TOTL.IN.ZS","ARG","YR2020","92.111"
"SP.URB.TOTL.IN.ZS","BRA","YR2020","87.073"
"SP.URB.TOTL.IN.ZS","CHL","YR2020","87.727"
"SP.URB.TOTL.IN.ZS","COL","YR2020","81.425"
"SP.URB.TOTL.IN.ZS","BOL","YR2020","70.123"
"SP.URB.TOTL.IN.ZS","ECU","YR2020","64.166"
"SP.URB.TOTL.IN.ZS","PRY","YR2020","62.183"
"SP.URB.TOTL.IN.ZS","PER","YR2020","78.297"
"SP.URB.TOTL.IN.ZS","URY","YR2020","95.515"
"SP.URB.TOTL.IN.ZS","VEN","YR2020","88.279"
"SP.URB.GROW","ARG","YR2020","1.100415053"
"SP.URB.GROW","BRA","YR2020","0.999249503"
"SP.URB.GROW","CHL","YR2020","0.958329674"
"SP.URB.GROW","COL","YR2020","1.468773354"
"SP.URB.GROW","BOL","YR2020","1.879894545"
"SP.URB.GROW","ECU","YR2020","1.819660314"
"SP.URB.GROW","PRY","YR2020","1.729990238"
"SP.URB.GROW","PER","YR2020","1.66241147"
"SP.URB.GROW","URY","YR2020","0.439157786"
"SP.URB.GROW","VEN","YR2020","-0.236353856"
"SI.POV.URHC","ARG","YR2020",""
"SI.POV.URHC","BRA","YR2020",""
"SI.POV.URHC","CHL","YR2020",""
"SI.POV.URHC","COL","YR2020",""
"SI.POV.URHC","BOL","YR2020",""
"SI.POV.URHC","ECU","YR2020",""
"SI.POV.URHC","PRY","YR2020",""
"SI.POV.URHC","PER","YR2020",""
"SI.POV.URHC","URY","YR2020",""
"SI.POV.URHC","VEN","YR2020",""
"SH.MLR.NETS.ZS","ARG","YR2020",""
"SH.MLR.NETS.ZS","BRA","YR2020",""
"SH.MLR.NETS.ZS","CHL","YR2020",""
"SH.MLR.NETS.ZS","COL","YR2020",""
"SH.MLR.NETS.ZS","BOL","YR2020",""
"SH.MLR.NETS.ZS","ECU","YR2020",""
"SH.MLR.NETS.ZS","PRY","YR2020",""
"SH.MLR.NETS.ZS","PER","YR2020",""
"SH.MLR.NETS.ZS","URY","YR2020",""
"SH.MLR.NETS.ZS","VEN","YR2020",""
"SN.ITK.VITA.ZS","ARG","YR2020",""
"SN.ITK.VITA.ZS","BRA","YR2020",""
"SN.ITK.VITA.ZS","CHL","YR2020",""
"SN.ITK.VITA.ZS","COL","YR2020",""
"SN.ITK.VITA.ZS","BOL","YR2020",""
"SN.ITK.VITA.ZS","ECU","YR2020",""
"SN.ITK.VITA.ZS","PRY","YR2020",""
"SN.ITK.VITA.ZS","PER","YR2020",""
"SN.ITK.VITA.ZS","URY","YR2020",""
"SN.ITK.VITA.ZS","VEN","YR2020",""
"SP.DYN.WFRT","ARG","YR2020",""
"SP.DYN.WFRT","BRA","YR2020",""
"SP.DYN.WFRT","CHL","YR2020",""
"SP.DYN.WFRT","COL","YR2020",""
"SP.DYN.WFRT","BOL","YR2020",""
"SP.DYN.WFRT","ECU","YR2020",""
"SP.DYN.WFRT","PRY","YR2020",""
"SP.DYN.WFRT","PER","YR2020",""
"SP.DYN.WFRT","URY","YR2020",""
"SP.DYN.WFRT","VEN","YR2020",""
"SP.M15.2024.FE.ZS","ARG","YR2020",""
"SP.M15.2024.FE.ZS","BRA","YR2020",""
"SP.M15.2024.FE.ZS","CHL","YR2020",""
"SP.M15.2024.FE.ZS","COL","YR2020",""
"SP.M15.2024.FE.ZS","BOL","YR2020",""
"SP.M15.2024.FE.ZS","ECU","YR2020",""
"SP.M15.2024.FE.ZS","PRY","YR2020",""
"SP.M15.2024.FE.ZS","PER","YR2020",""
"SP.M15.2024.FE.ZS","URY","YR2020",""
"SP.M15.2024.FE.ZS","VEN","YR2020",""
"SP.M18.2024.FE.ZS","ARG","YR2020",""
"SP.M18.2024.FE.ZS","BRA","YR2020",""
"SP.M18.2024.FE.ZS","CHL","YR2020",""
"SP.M18.2024.FE.ZS","COL","YR2020",""
"SP.M18.2024.FE.ZS","BOL","YR2020",""
"SP.M18.2024.FE.ZS","ECU","YR2020",""
"SP.M18.2024.FE.ZS","PRY","YR2020",""
"SP.M18.2024.FE.ZS","PER","YR2020",""
"SP.M18.2024.FE.ZS","URY","YR2020",""
"SP.M18.2024.FE.ZS","VEN","YR2020",""
"SH.DYN.AIDS.FE.ZS","ARG","YR2020","30.8"
"SH.DYN.AIDS.FE.ZS","BRA","YR2020",""
"SH.DYN.AIDS.FE.ZS","CHL","YR2020","17.9"
"SH.DYN.AIDS.FE.ZS","COL","YR2020","16.3"
"SH.DYN.AIDS.FE.ZS","BOL","YR2020","44.4"
"SH.DYN.AIDS.FE.ZS","ECU","YR2020","30.8"
"SH.DYN.AIDS.FE.ZS","PRY","YR2020","40.9"
"SH.DYN.AIDS.FE.ZS","PER","YR2020","20.1"
"SH.DYN.AIDS.FE.ZS","URY","YR2020","43.8"
"SH.DYN.AIDS.FE.ZS","VEN","YR2020","39.8"
"SH.HIV.INCD.YG","ARG","YR2020","1000"
"SH.HIV.INCD.YG","BRA","YR2020",""
"SH.HIV.INCD.YG","CHL","YR2020","1000"
"SH.HIV.INCD.YG","COL","YR2020","1000"
"SH.HIV.INCD.YG","BOL","YR2020","200"
"SH.HIV.INCD.YG","ECU","YR2020","500"
"SH.HIV.INCD.YG","PRY","YR2020","200"
"SH.HIV.INCD.YG","PER","YR2020","500"
"SH.HIV.INCD.YG","URY","YR2020","100"
"SH.HIV.INCD.YG","VEN","YR2020","1000"
